{
  "project_info": {
    "project_number": "406664039086",
    "firebase_url": "https://jobseeker-46e7f.firebaseio.com",
    "project_id": "jobseeker-46e7f",
    "storage_bucket": "jobseeker-46e7f.appspot.com"
  },
  "client": [
    {
      "client_info": {
        "mobilesdk_app_id": "1:406664039086:android:c56387b10b910b38283b3f",
        "android_client_info": {
          "package_name": "com.example.jobseekers"
        }
      },
      "oauth_client": [
        {
          "client_id": "406664039086-mivk1brpga1t8lu1sit4clt4de1e8sk4.apps.googleusercontent.com",
          "client_type": 1,
          "android_info": {
            "package_name": "com.example.jobseekers",
            "certificate_hash": "54f8a11ee1a4127ade18765a00e331b9df07318b"
          }
        },
        {
          "client_id": "406664039086-09bnet5i3ese98e2ds6knau4sv828aou.apps.googleusercontent.com",
          "client_type": 3
        }
      ],
      "api_key": [
        {
          "current_key": "AIzaSyA0g893quUWSu8h6O5Tyh_wLjSbZDKTyFo"
        }
      ],
      "services": {
        "appinvite_service": {
          "other_platform_oauth_client": [
            {
              "client_id": "406664039086-09bnet5i3ese98e2ds6knau4sv828aou.apps.googleusercontent.com",
              "client_type": 3
            }
          ]
        }
      }
    }
  ],
  "configuration_version": "1"
}